<?xml version="1.0" encoding="UTF-8"?>
<project-private xmlns="http://www.netbeans.org/ns/project-private/1">
    <editor-bookmarks xmlns="http://www.netbeans.org/ns/editor-bookmarks/2" lastBookmarkId="0"/>
    <open-files xmlns="http://www.netbeans.org/ns/projectui-open-files/2">
        <group>
            <file>file:/C:/Users/Pedro%20Henrique/Downloads/C208/Proj_C208/src/proj_c208/Registrador.java</file>
            <file>file:/C:/Users/Pedro%20Henrique/Downloads/C208/Proj_C208/src/proj_c208/Cache.java</file>
            <file>file:/C:/Users/Pedro%20Henrique/Downloads/C208/Proj_C208/src/proj_c208/Proj_C208.java</file>
            <file>file:/C:/Users/Pedro%20Henrique/Downloads/C208/Proj_C208/src/proj_c208/Instrucao.java</file>
        </group>
    </open-files>
</project-private>
